{
  "format_version": 2,
  "dataset": "FrancoisLeducGuitarDataset",
  "midi_file_count": 106,
  "note_count": 99992,
  "onset_cluster_count": 74908,
  "max_polyphony": 13,
  "pitch_range_observed": [
    28,
    108
  ],
  "velocity_range_observed": [
    12,
    114
  ],
  "pitches": {
    "values": [
      28,
      31,
      33,
      36,
      38,
      39,
      40,
      41,
      42,
      43,
      44,
      45,
      46,
      47,
      48,
      49,
      50,
      51,
      52,
      53,
      54,
      55,
      56,
      57,
      58,
      59,
      60,
      61,
      62,
      63,
      64,
      65,
      66,
      67,
      68,
      69,
      70,
      71,
      72,
      73,
      74,
      75,
      76,
      77,
      78,
      79,
      80,
      81,
      82,
      83,
      84,
      85,
      86,
      88,
      89,
      91,
      93,
      94,
      95,
      96,
      98,
      100,
      101,
      103,
      105,
      107,
      108
    ],
    "counts": [
      1,
      1,
      4,
      20,
      425,
      65,
      1814,
      626,
      871,
      1519,
      796,
      2694,
      848,
      1541,
      1572,
      979,
      3952,
      1412,
      2907,
      2796,
      2872,
      4537,
      3084,
      5466,
      3193,
      5841,
      5349,
      3674,
      6920,
      2930,
      6848,
      3506,
      3543,
      3923,
      1781,
      3592,
      1337,
      2111,
      1542,
      809,
      1124,
      319,
      402,
      139,
      84,
      72,
      33,
      32,
      33,
      7,
      7,
      5,
      9,
      2,
      1,
      4,
      1,
      3,
      2,
      1,
      3,
      1,
      1,
      3,
      1,
      1,
      1
    ]
  },
  "durations": {
    "bin_edges": [
      0.0,
      0.02,
      0.04,
      0.06,
      0.08,
      0.1,
      0.12,
      0.14,
      0.16,
      0.18,
      0.2,
      0.22,
      0.24,
      0.26,
      0.28,
      0.3,
      0.32,
      0.34,
      0.36,
      0.38,
      0.4,
      0.42,
      0.44,
      0.46,
      0.48,
      0.5,
      0.52,
      0.54,
      0.56,
      0.58,
      0.6,
      0.62,
      0.64,
      0.66,
      0.68,
      0.7000000000000001,
      0.72,
      0.74,
      0.76,
      0.78,
      0.8,
      0.8200000000000001,
      0.84,
      0.86,
      0.88,
      0.9,
      0.92,
      0.9400000000000001,
      0.96,
      0.98,
      1.0,
      1.02,
      1.04,
      1.06,
      1.08,
      1.1,
      1.12,
      1.1400000000000001,
      1.16,
      1.18,
      1.2,
      1.22,
      1.24,
      1.26,
      1.28,
      1.3,
      1.32,
      1.34,
      1.36,
      1.3800000000000001,
      1.4000000000000001,
      1.42,
      1.44,
      1.46,
      1.48,
      1.5,
      1.52,
      1.54,
      1.56,
      1.58,
      1.6,
      1.62,
      1.6400000000000001,
      1.6600000000000001,
      1.68,
      1.7,
      1.72,
      1.74,
      1.76,
      1.78,
      1.8,
      1.82,
      1.84,
      1.86,
      1.8800000000000001,
      1.9000000000000001,
      1.92,
      1.94,
      1.96,
      1.98,
      2.0,
      2.02,
      2.04,
      2.06,
      2.08,
      2.1,
      2.12,
      2.14,
      2.16,
      2.18,
      2.2,
      2.22,
      2.24,
      2.2600000000000002,
      2.2800000000000002,
      2.3000000000000003,
      2.32,
      2.34,
      2.36,
      2.38,
      2.4,
      2.42,
      2.44,
      2.46,
      2.48,
      2.5,
      2.52,
      2.54,
      2.56,
      2.58,
      2.6,
      2.62,
      2.64,
      2.66,
      2.68,
      2.7,
      2.72,
      2.74,
      2.7600000000000002,
      2.7800000000000002,
      2.8000000000000003,
      2.82,
      2.84,
      2.86,
      2.88,
      2.9,
      2.92,
      2.94,
      2.96,
      2.98,
      3.0,
      3.02,
      3.04,
      3.06,
      3.08,
      3.1,
      3.12,
      3.14,
      3.16,
      3.18,
      3.2,
      3.22,
      3.24,
      3.2600000000000002,
      3.2800000000000002,
      3.3000000000000003,
      3.3200000000000003,
      3.34,
      3.36,
      3.38,
      3.4,
      3.42,
      3.44,
      3.46,
      3.48,
      3.5,
      3.52,
      3.54,
      3.56,
      3.58,
      3.6,
      3.62,
      3.64,
      3.66,
      3.68,
      3.7,
      3.72,
      3.74,
      3.7600000000000002,
      3.7800000000000002,
      3.8000000000000003,
      3.8200000000000003,
      3.84,
      3.86,
      3.88,
      3.9,
      3.92,
      3.94,
      3.96,
      3.98,
      4.0
    ],
    "hist_counts": [
      567,
      526,
      677,
      1393,
      1862,
      2500,
      2958,
      4368,
      3755,
      4368,
      4336,
      4254,
      4477,
      4444,
      4015,
      3637,
      3419,
      2763,
      2271,
      2054,
      2114,
      2100,
      2128,
      2197,
      1971,
      2089,
      1731,
      1559,
      1469,
      1314,
      1240,
      1268,
      1250,
      1026,
      988,
      890,
      891,
      774,
      659,
      686,
      574,
      499,
      539,
      566,
      431,
      476,
      492,
      451,
      427,
      326,
      389,
      294,
      308,
      331,
      296,
      301,
      247,
      273,
      274,
      235,
      226,
      239,
      190,
      179,
      163,
      222,
      192,
      175,
      143,
      145,
      140,
      162,
      153,
      135,
      88,
      114,
      138,
      99,
      91,
      59,
      65,
      77,
      49,
      68,
      51,
      69,
      66,
      54,
      48,
      44,
      46,
      81,
      61,
      40,
      40,
      37,
      40,
      49,
      36,
      27,
      30,
      41,
      22,
      41,
      30,
      19,
      30,
      27,
      16,
      10,
      21,
      27,
      8,
      17,
      20,
      5,
      25,
      36,
      11,
      33,
      10,
      7,
      12,
      17,
      7,
      8,
      13,
      9,
      16,
      13,
      6,
      11,
      14,
      8,
      11,
      10,
      5,
      3,
      12,
      11,
      9,
      2,
      6,
      6,
      11,
      7,
      3,
      9,
      4,
      3,
      4,
      8,
      5,
      1,
      1,
      7,
      1,
      5,
      6,
      5,
      5,
      4,
      0,
      0,
      2,
      2,
      6,
      1,
      0,
      0,
      3,
      2,
      5,
      2,
      1,
      1,
      3,
      4,
      5,
      3,
      1,
      3,
      4,
      1,
      0,
      0,
      1,
      2,
      2,
      2,
      1,
      4,
      1,
      2,
      0,
      0,
      1,
      2,
      0,
      1
    ]
  },
  "iois": {
    "bin_edges": [
      0.0,
      0.02,
      0.04,
      0.06,
      0.08,
      0.1,
      0.12,
      0.14,
      0.16,
      0.18,
      0.2,
      0.22,
      0.24,
      0.26,
      0.28,
      0.3,
      0.32,
      0.34,
      0.36,
      0.38,
      0.4,
      0.42,
      0.44,
      0.46,
      0.48,
      0.5,
      0.52,
      0.54,
      0.56,
      0.58,
      0.6,
      0.62,
      0.64,
      0.66,
      0.68,
      0.7000000000000001,
      0.72,
      0.74,
      0.76,
      0.78,
      0.8,
      0.8200000000000001,
      0.84,
      0.86,
      0.88,
      0.9,
      0.92,
      0.9400000000000001,
      0.96,
      0.98,
      1.0,
      1.02,
      1.04,
      1.06,
      1.08,
      1.1,
      1.12,
      1.1400000000000001,
      1.16,
      1.18,
      1.2,
      1.22,
      1.24,
      1.26,
      1.28,
      1.3,
      1.32,
      1.34,
      1.36,
      1.3800000000000001,
      1.4000000000000001,
      1.42,
      1.44,
      1.46,
      1.48,
      1.5,
      1.52,
      1.54,
      1.56,
      1.58,
      1.6,
      1.62,
      1.6400000000000001,
      1.6600000000000001,
      1.68,
      1.7,
      1.72,
      1.74,
      1.76,
      1.78,
      1.8,
      1.82,
      1.84,
      1.86,
      1.8800000000000001,
      1.9000000000000001,
      1.92,
      1.94,
      1.96,
      1.98,
      2.0
    ],