{
  "format_version": 2,
  "dataset": "GAPS",
  "midi_file_count": 404,
  "note_count": 368878,
  "onset_cluster_count": 282579,
  "max_polyphony": 18,
  "pitch_range_observed": [
    36,
    109
  ],
  "velocity_range_observed": [
    88,
    101
  ],
  "pitches": {
    "values": [
      36,
      38,
      39,
      40,
      41,
      42,
      43,
      44,
      45,
      46,
      47,
      48,
      49,
      50,
      51,
      52,
      53,
      54,
      55,
      56,
      57,
      58,
      59,
      60,
      61,
      62,
      63,
      64,
      65,
      66,
      67,
      68,
      69,
      70,
      71,
      72,
      73,
      74,
      75,
      76,
      77,
      78,
      79,
      80,
      81,
      82,
      83,
      84,
      85,
      86,
      88,
      89,
      90,
      98,
      109
    ],
    "counts": [
      17,
      2352,
      95,
      8768,
      1296,
      2462,
      4327,
      1784,
      15045,
      1733,
      8338,
      5070,
      3951,
      13111,
      2891,
      15770,
      6190,
      8682,
      16485,
      8199,
      23517,
      5943,
      26880,
      15161,
      15122,
      23322,
      6658,
      31419,
      9053,
      15190,
      13327,
      6738,
      16603,
      2871,
      10163,
      4440,
      3927,
      5010,
      889,
      3458,
      653,
      830,
      352,
      129,
      286,
      10,
      156,
      45,
      2,
      6,
      20,
      3,
      1,
      1,
      127
    ]
  },
  "durations": {
    "bin_edges": [
      0.0,
      0.02,
      0.04,
      0.06,
      0.08,
      0.1,
      0.12,
      0.14,
      0.16,
      0.18,
      0.2,
      0.22,
      0.24,
      0.26,
      0.28,
      0.3,
      0.32,
      0.34,
      0.36,
      0.38,
      0.4,
      0.42,
      0.44,
      0.46,
      0.48,
      0.5,
      0.52,
      0.54,
      0.56,
      0.58,
      0.6,
      0.62,
      0.64,
      0.66,
      0.68,
      0.7000000000000001,
      0.72,
      0.74,
      0.76,
      0.78,
      0.8,
      0.8200000000000001,
      0.84,
      0.86,
      0.88,
      0.9,
      0.92,
      0.9400000000000001,
      0.96,
      0.98,
      1.0,
      1.02,
      1.04,
      1.06,
      1.08,
      1.1,
      1.12,
      1.1400000000000001,
      1.16,
      1.18,
      1.2,
      1.22,
      1.24,
      1.26,
      1.28,
      1.3,
      1.32,
      1.34,
      1.36,
      1.3800000000000001,
      1.4000000000000001,
      1.42,
      1.44,
      1.46,
      1.48,
      1.5,
      1.52,
      1.54,
      1.56,
      1.58,
      1.6,
      1.62,
      1.6400000000000001,
      1.6600000000000001,
      1.68,
      1.7,
      1.72,
      1.74,
      1.76,
      1.78,
      1.8,
      1.82,
      1.84,
      1.86,
      1.8800000000000001,
      1.9000000000000001,
      1.92,
      1.94,
      1.96,
      1.98,
      2.0,
      2.02,
      2.04,
      2.06,
      2.08,
      2.1,
      2.12,
      2.14,
      2.16,
      2.18,
      2.2,
      2.22,
      2.24,
      2.2600000000000002,
      2.2800000000000002,
      2.3000000000000003,
      2.32,
      2.34,
      2.36,
      2.38,
      2.4,
      2.42,
      2.44,
      2.46,
      2.48,
      2.5,
      2.52,
      2.54,
      2.56,
      2.58,
      2.6,
      2.62,
      2.64,
      2.66,
      2.68,
      2.7,
      2.72,
      2.74,
      2.7600000000000002,
      2.7800000000000002,
      2.8000000000000003,
      2.82,
      2.84,
      2.86,
      2.88,
      2.9,
      2.92,
      2.94,
      2.96,
      2.98,
      3.0,
      3.02,
      3.04,
      3.06,
      3.08,
      3.1,
      3.12,
      3.14,
      3.16,
      3.18,
      3.2,
      3.22,
      3.24,
      3.2600000000000002,
      3.2800000000000002,
      3.3000000000000003,
      3.3200000000000003,
      3.34,
      3.36,
      3.38,
      3.4,
      3.42,
      3.44,
      3.46,
      3.48,
      3.5,
      3.52,
      3.54,
      3.56,
      3.58,
      3.6,
      3.62,
      3.64,
      3.66,
      3.68,
      3.7,
      3.72,
      3.74,
      3.7600000000000002,
      3.7800000000000002,
      3.8000000000000003,
      3.8200000000000003,
      3.84,
      3.86,
      3.88,
      3.9,
      3.92,
      3.94,
      3.96,
      3.98,
      4.0
    ],
    "hist_counts": [
      2033,
      3199,
      4737,
      12918,
      22179,
      23105,
      20932,
      19569,
      20791,
      17011,
      15221,
      12692,
      11661,
      11023,
      9940,
      8915,
      9400,
      9020,
      8418,
      7356,
      6741,
      6426,
      5745,
      5253,
      4234,
      4362,
      3848,
      3701,
      3320,
      3047,
      2938,
      2732,
      2686,
      2563,
      2280,
      2226,
      2126,
      1899,
      1735,
      1621,
      1642,
      1604,
      1468,
      1594,
      1346,
      1290,
      1289,
      1263,
      1273,
      1177,
      1198,
      1158,
      1083,
      1000,
      948,
      898,
      855,
      910,
      833,
      784,
      829,
      723,
      711,
      656,
      605,
      620,
      613,
      583,
      602,
      486,
      511,
      481,
      483,
      495,
      461,
      450,
      444,
      430,
      424,
      361,
      371,
      352,
      388,
      377,
      314,
      316,
      311,
      313,
      293,
      242,
      251,
      294,
      279,
      249,
      267,
      245,
      217,
      222,
      232,
      193,
      190,
      232,
      183,
      186,
      192,
      180,
      195,
      210,
      150,
      165,
      141,
      150,
      159,
      157,
      151,
      109,
      125,
      126,
      123,
      97,
      111,
      137,
      110,
      105,
      94,
      113,
      82,
      83,
      100,
      110,
      67,
      87,
      89,
      79,
      56,
      72,
      89,
      63,
      84,
      68,
      64,
      83,
      72,
      62,
      55,
      52,
      47,
      55,
      59,
      53,
      69,
      48,
      42,
      57,
      42,
      42,
      50,
      41,
      41,
      33,
      32,
      29,
      35,
      28,
      33,
      38,
      32,
      46,
      30,
      36,
      30,
      41,
      31,
      43,
      36,
      21,
      37,
      26,
      38,
      40,
      33,
      32,
      21,
      19,
      45,
      22,
      29,
      20,
      23,
      25,
      19,
      15,
      23,
      14,
      32,
      20,
      31,
      16,
      23,
      14
    ]
  },
  "iois": {
    "bin_edges": [
      0.0,
      0.02,
      0.04,
      0.06,
      0.08,
      0.1,
      0.12,
      0.14,
      0.16,
      0.18,
      0.2,
      0.22,
      0.24,
      0.26,
      0.28,
      0.3,
      0.32,
      0.34,
      0.36,
      0.38,
      0.4,
      0.42,
      0.44,
      0.46,
      0.48,
      0.5,
      0.52,
      0.54,
      0.56,
      0.58,
      0.6,
      0.62,
      0.64,
      0.66,
      0.68,
      0.7000000000000001,
      0.72,
      0.74,
      0.76,
      0.78,
      0.8,
      0.8200000000000001,
      0.84,
      0.86,
      0.88,
      0.9,
      0.92,
      0.9400000000000001,
      0.96,
      0.98,
      1.0,
      1.02,
      1.04,
      1.06,
      1.08,
      1.1,
      1.12,
      1.1400000000000001,
      1.16,
      1.18,
      1.2,
      1.22,
      1.24,
      1.26,
      1.28,
      1.3,
      1.32,
      1.34,
      1.36,
      1.3800000000000001,
      1.4000000000000001,
      1.42,
      1.44,
      1.46,
      1.48,
      1.5,
      1.52,
      1.54,
      1.56,
      1.58,
      1.6,
      1.62,
      1.6400000000000001,
      1.6600000000000001,
      1.68,
      1.7,
      1.72,
      1.74,
      1.76,
      1.78,
      1.8,
      1.82,
      1.84,
      1.86,
      1.8800000000000001,
      1.9000000000000001,
      1.92,
      1.94,
      1.96,
      1.98,
      2.0
    ],