{
  "format_version": 2,
  "dataset": "GOAT",
  "midi_file_count": 324,
  "note_count": 232474,
  "onset_cluster_count": 107919,
  "max_polyphony": 26,
  "pitch_range_observed": [
    36,
    93
  ],
  "velocity_range_observed": [
    76,
    114
  ],
  "pitches": {
    "values": [
      36,
      37,
      39,
      40,
      41,
      42,
      43,
      44,
      45,
      46,
      47,
      48,
      49,
      50,
      51,
      52,
      53,
      54,
      55,
      56,
      57,
      58,
      59,
      60,
      61,
      62,
      63,
      64,
      65,
      66,
      67,
      68,
      69,
      70,
      71,
      72,
      73,
      74,
      75,
      76,
      77,
      78,
      79,
      80,
      81,
      82,
      83,
      84,
      85,
      86,
      88,
      89,
      93
    ],
    "counts": [
      222,
      150,
      1400,
      6234,
      2275,
      2859,
      4003,
      2357,
      8568,
      3788,
      6944,
      5907,
      6139,
      13063,
      5284,
      10728,
      4592,
      6987,
      11398,
      7628,
      10315,
      6133,
      15061,
      7044,
      8819,
      9362,
      7835,
      11983,
      5551,
      6765,
      5771,
      4303,
      4055,
      2828,
      3313,
      2157,
      1886,
      2203,
      1395,
      2107,
      705,
      784,
      510,
      280,
      454,
      54,
      156,
      10,
      64,
      39,
      2,
      2,
      2
    ]
  },
  "durations": {
    "bin_edges": [
      0.0,
      0.02,
      0.04,
      0.06,
      0.08,
      0.1,
      0.12,
      0.14,
      0.16,
      0.18,
      0.2,
      0.22,
      0.24,
      0.26,
      0.28,
      0.3,
      0.32,
      0.34,
      0.36,
      0.38,
      0.4,
      0.42,
      0.44,
      0.46,
      0.48,
      0.5,
      0.52,
      0.54,
      0.56,
      0.58,
      0.6,
      0.62,
      0.64,
      0.66,
      0.68,
      0.7000000000000001,
      0.72,
      0.74,
      0.76,
      0.78,
      0.8,
      0.8200000000000001,
      0.84,
      0.86,
      0.88,
      0.9,
      0.92,
      0.9400000000000001,
      0.96,
      0.98,
      1.0,
      1.02,
      1.04,
      1.06,
      1.08,
      1.1,
      1.12,
      1.1400000000000001,
      1.16,
      1.18,
      1.2,
      1.22,
      1.24,
      1.26,
      1.28,
      1.3,
      1.32,
      1.34,
      1.36,
      1.3800000000000001,
      1.4000000000000001,
      1.42,
      1.44,
      1.46,
      1.48,
      1.5,
      1.52,
      1.54,
      1.56,
      1.58,
      1.6,
      1.62,
      1.6400000000000001,
      1.6600000000000001,
      1.68,
      1.7,
      1.72,
      1.74,
      1.76,
      1.78,
      1.8,
      1.82,
      1.84,
      1.86,
      1.8800000000000001,
      1.9000000000000001,
      1.92,
      1.94,
      1.96,
      1.98,
      2.0,
      2.02,
      2.04,
      2.06,
      2.08,
      2.1,
      2.12,
      2.14,
      2.16,
      2.18,
      2.2,
      2.22,
      2.24,
      2.2600000000000002,
      2.2800000000000002,
      2.3000000000000003,
      2.32,
      2.34,
      2.36,
      2.38,
      2.4,
      2.42,
      2.44,
      2.46,
      2.48,
      2.5,
      2.52,
      2.54,
      2.56,
      2.58,
      2.6,
      2.62,
      2.64,
      2.66,
      2.68,
      2.7,
      2.72,
      2.74,
      2.7600000000000002,
      2.7800000000000002,
      2.8000000000000003,
      2.82,
      2.84,
      2.86,
      2.88,
      2.9,
      2.92,
      2.94,
      2.96,
      2.98,
      3.0,
      3.02,
      3.04,
      3.06,
      3.08,
      3.1,
      3.12,
      3.14,
      3.16,
      3.18,
      3.2,
      3.22,
      3.24,
      3.2600000000000002,
      3.2800000000000002,
      3.3000000000000003,
      3.3200000000000003,
      3.34,
      3.36,
      3.38,
      3.4,
      3.42,
      3.44,
      3.46,
      3.48,
      3.5,
      3.52,
      3.54,
      3.56,
      3.58,
      3.6,
      3.62,
      3.64,
      3.66,
      3.68,
      3.7,
      3.72,
      3.74,
      3.7600000000000002,
      3.7800000000000002,
      3.8000000000000003,
      3.8200000000000003,
      3.84,
      3.86,
      3.88,
      3.9,
      3.92,
      3.94,
      3.96,
      3.98,
      4.0
    ],
    "hist_counts": [
      55,
      1115,
      913,
      422,
      2028,
      2502,
      4964,
      11798,
      18910,
      18546,
      21869,
      23483,
      23140,
      7335,
      13946,
      10100,
      6196,
      5900,
      3594,
      3496,
      4440,
      3950,
      2843,
      1975,
      4040,
      6029,
      2246,
      1260,
      2975,
      930,
      1184,
      1415,
      993,
      958,
      647,
      1354,
      500,
      869,
      709,
      608,
      532,
      759,
      359,
      316,
      328,
      279,
      412,
      303,
      101,
      254,
      1049,
      175,
      265,
      111,
      288,
      110,
      47,
      163,
      135,
      139,
      41,
      110,
      235,
      17,
      28,
      194,
      90,
      14,
      31,
      37,
      87,
      122,
      242,
      64,
      65,
      84,
      136,
      99,
      80,
      158,
      181,
      250,
      33,
      158,
      96,
      14,
      10,
      37,
      45,
      9,
      29,
      120,
      8,
      60,
      22,
      35,
      84,
      77,
      43,
      17,
      131,
      21,
      120,
      21,
      11,
      9,
      1,
      10,
      5,
      58,
      9,
      3,
      7,
      15,
      5,
      26,
      19,
      26,
      28,
      65,
      22,
      38,
      64,
      31,
      38,
      89,
      119,
      124,
      15,
      11,
      63,
      57,
      11,
      10,
      15,
      32,
      90,
      8,
      14,
      11,
      4,
      36,
      4,
      29,
      68,
      4,
      7,
      4,
      4,
      54,
      154,
      5,
      6,
      1,
      2,
      3,
      51,
      42,
      3,
      21,
      2,
      4,
      2,
      5,
      9,
      4,
      4,
      10,
      12,
      23,
      9,
      9,
      12,
      11,
      0,
      9,
      25,
      4,
      7,
      18,
      13,
      13,
      3,
      17,
      2,
      1,
      2,
      13,
      1,
      1,
      5,
      1,
      0,
      0,
      6,
      10,
      1,
      12,
      21,
      33
    ]
  },
  "iois": {
    "bin_edges": [
      0.0,
      0.02,
      0.04,
      0.06,
      0.08,
      0.1,
      0.12,
      0.14,
      0.16,
      0.18,
      0.2,
      0.22,
      0.24,
      0.26,
      0.28,
      0.3,
      0.32,
      0.34,
      0.36,
      0.38,
      0.4,
      0.42,
      0.44,
      0.46,
      0.48,
      0.5,
      0.52,
      0.54,
      0.56,
      0.58,
      0.6,
      0.62,
      0.64,
      0.66,
      0.68,
      0.7000000000000001,
      0.72,
      0.74,
      0.76,
      0.78,
      0.8,
      0.8200000000000001,
      0.84,
      0.86,
      0.88,
      0.9,
      0.92,
      0.9400000000000001,
      0.96,
      0.98,
      1.0,
      1.02,
      1.04,
      1.06,
      1.08,
      1.1,
      1.12,
      1.1400000000000001,
      1.16,
      1.18,
      1.2,
      1.22,
      1.24,
      1.26,
      1.28,
      1.3,
      1.32,
      1.34,
      1.36,
      1.3800000000000001,
      1.4000000000000001,
      1.42,
      1.44,
      1.46,
      1.48,
      1.5,
      1.52,
      1.54,
      1.56,
      1.58,
      1.6,
      1.62,
      1.6400000000000001,
      1.6600000000000001,
      1.68,
      1.7,
      1.72,
      1.74,
      1.76,
      1.78,
      1.8,
      1.82,
      1.84,
      1.86,
      1.8800000000000001,
      1.9000000000000001,
      1.92,
      1.94,
      1.96,
      1.98,
      2.0
    ],